filename_fullpath,filename
/uufs/chpc.utah.edu/common/home/starr-group1/sequencing/TNS/2022/221208_Overbaugh-mAb-breadth-v1/221202_s1_b1_S1_R1_001.fastq.gz,221202_s1_b1_S1_R1_001.fastq.gz
/uufs/chpc.utah.edu/common/home/starr-group1/sequencing/TNS/2022/221208_Overbaugh-mAb-breadth-v1/221202_s1_b2_S37_R1_001.fastq.gz,221202_s1_b2_S37_R1_001.fastq.gz
/uufs/chpc.utah.edu/common/home/starr-group1/sequencing/TNS/2022/221208_Overbaugh-mAb-breadth-v1/221202_s1_b3_S3_R1_001.fastq.gz,221202_s1_b3_S3_R1_001.fastq.gz
/uufs/chpc.utah.edu/common/home/starr-group1/sequencing/TNS/2022/221208_Overbaugh-mAb-breadth-v1/221202_s1_b4_S38_R1_001.fastq.gz,221202_s1_b4_S38_R1_001.fastq.gz
/uufs/chpc.utah.edu/common/home/starr-group1/sequencing/TNS/2022/221208_Overbaugh-mAb-breadth-v1/221202_s2_b1_S39_R1_001.fastq.gz,221202_s2_b1_S39_R1_001.fastq.gz
/uufs/chpc.utah.edu/common/home/starr-group1/sequencing/TNS/2022/221208_Overbaugh-mAb-breadth-v1/221202_s2_b2_S40_R1_001.fastq.gz,221202_s2_b2_S40_R1_001.fastq.gz
/uufs/chpc.utah.edu/common/home/starr-group1/sequencing/TNS/2022/221208_Overbaugh-mAb-breadth-v1/221202_s2_b3_S7_R1_001.fastq.gz,221202_s2_b3_S7_R1_001.fastq.gz
/uufs/chpc.utah.edu/common/home/starr-group1/sequencing/TNS/2022/221208_Overbaugh-mAb-breadth-v1/221202_s2_b4_S8_R1_001.fastq.gz,221202_s2_b4_S8_R1_001.fastq.gz
/uufs/chpc.utah.edu/common/home/starr-group1/sequencing/TNS/2022/221208_Overbaugh-mAb-breadth-v1/221202_s3_b1_S41_R1_001.fastq.gz,221202_s3_b1_S41_R1_001.fastq.gz
/uufs/chpc.utah.edu/common/home/starr-group1/sequencing/TNS/2022/221208_Overbaugh-mAb-breadth-v1/221202_s3_b2_S10_R1_001.fastq.gz,221202_s3_b2_S10_R1_001.fastq.gz
/uufs/chpc.utah.edu/common/home/starr-group1/sequencing/TNS/2022/221208_Overbaugh-mAb-breadth-v1/221202_s3_b3_S11_R1_001.fastq.gz,221202_s3_b3_S11_R1_001.fastq.gz
/uufs/chpc.utah.edu/common/home/starr-group1/sequencing/TNS/2022/221208_Overbaugh-mAb-breadth-v1/221202_s3_b4_S12_R1_001.fastq.gz,221202_s3_b4_S12_R1_001.fastq.gz
/uufs/chpc.utah.edu/common/home/starr-group1/sequencing/TNS/2022/221208_Overbaugh-mAb-breadth-v1/221202_s4_b1_S13_R1_001.fastq.gz,221202_s4_b1_S13_R1_001.fastq.gz
/uufs/chpc.utah.edu/common/home/starr-group1/sequencing/TNS/2022/221208_Overbaugh-mAb-breadth-v1/221202_s4_b2_S14_R1_001.fastq.gz,221202_s4_b2_S14_R1_001.fastq.gz
/uufs/chpc.utah.edu/common/home/starr-group1/sequencing/TNS/2022/221208_Overbaugh-mAb-breadth-v1/221202_s4_b3_S15_R1_001.fastq.gz,221202_s4_b3_S15_R1_001.fastq.gz
/uufs/chpc.utah.edu/common/home/starr-group1/sequencing/TNS/2022/221208_Overbaugh-mAb-breadth-v1/221202_s4_b4_S16_R1_001.fastq.gz,221202_s4_b4_S16_R1_001.fastq.gz
/uufs/chpc.utah.edu/common/home/starr-group1/sequencing/TNS/2022/221208_Overbaugh-mAb-breadth-v1/221202_s5_b1_S17_R1_001.fastq.gz,221202_s5_b1_S17_R1_001.fastq.gz
/uufs/chpc.utah.edu/common/home/starr-group1/sequencing/TNS/2022/221208_Overbaugh-mAb-breadth-v1/221202_s5_b2_S18_R1_001.fastq.gz,221202_s5_b2_S18_R1_001.fastq.gz
/uufs/chpc.utah.edu/common/home/starr-group1/sequencing/TNS/2022/221208_Overbaugh-mAb-breadth-v1/221202_s5_b3_S19_R1_001.fastq.gz,221202_s5_b3_S19_R1_001.fastq.gz
/uufs/chpc.utah.edu/common/home/starr-group1/sequencing/TNS/2022/221208_Overbaugh-mAb-breadth-v1/221202_s5_b4_S20_R1_001.fastq.gz,221202_s5_b4_S20_R1_001.fastq.gz
/uufs/chpc.utah.edu/common/home/starr-group1/sequencing/TNS/2022/221208_Overbaugh-mAb-breadth-v1/221202_s16_b1_S61_R1_001.fastq.gz,221202_s16_b1_S61_R1_001.fastq.gz
/uufs/chpc.utah.edu/common/home/starr-group1/sequencing/TNS/2022/221208_Overbaugh-mAb-breadth-v1/221202_s16_b2_S62_R1_001.fastq.gz,221202_s16_b2_S62_R1_001.fastq.gz
/uufs/chpc.utah.edu/common/home/starr-group1/sequencing/TNS/2022/221208_Overbaugh-mAb-breadth-v1/221202_s16_b3_S63_R1_001.fastq.gz,221202_s16_b3_S63_R1_001.fastq.gz
/uufs/chpc.utah.edu/common/home/starr-group1/sequencing/TNS/2022/221208_Overbaugh-mAb-breadth-v1/221202_s16_b4_S64_R1_001.fastq.gz,221202_s16_b4_S64_R1_001.fastq.gz
/uufs/chpc.utah.edu/common/home/starr-group1/sequencing/TNS/2022/221208_Overbaugh-mAb-breadth-v1/221202_s6_b1_S21_R1_001.fastq.gz,221202_s6_b1_S21_R1_001.fastq.gz
/uufs/chpc.utah.edu/common/home/starr-group1/sequencing/TNS/2022/221208_Overbaugh-mAb-breadth-v1/221202_s6_b2_S22_R1_001.fastq.gz,221202_s6_b2_S22_R1_001.fastq.gz
/uufs/chpc.utah.edu/common/home/starr-group1/sequencing/TNS/2022/221208_Overbaugh-mAb-breadth-v1/221202_s6_b3_S42_R1_001.fastq.gz,221202_s6_b3_S42_R1_001.fastq.gz
/uufs/chpc.utah.edu/common/home/starr-group1/sequencing/TNS/2022/221208_Overbaugh-mAb-breadth-v1/221202_s6_b4_S43_R1_001.fastq.gz,221202_s6_b4_S43_R1_001.fastq.gz
/uufs/chpc.utah.edu/common/home/starr-group1/sequencing/TNS/2022/221208_Overbaugh-mAb-breadth-v1/221202_s7_b1_S25_R1_001.fastq.gz,221202_s7_b1_S25_R1_001.fastq.gz
/uufs/chpc.utah.edu/common/home/starr-group1/sequencing/TNS/2022/221208_Overbaugh-mAb-breadth-v1/221202_s7_b2_S26_R1_001.fastq.gz,221202_s7_b2_S26_R1_001.fastq.gz
/uufs/chpc.utah.edu/common/home/starr-group1/sequencing/TNS/2022/221208_Overbaugh-mAb-breadth-v1/221202_s7_b3_S44_R1_001.fastq.gz,221202_s7_b3_S44_R1_001.fastq.gz
/uufs/chpc.utah.edu/common/home/starr-group1/sequencing/TNS/2022/221208_Overbaugh-mAb-breadth-v1/221202_s7_b4_S45_R1_001.fastq.gz,221202_s7_b4_S45_R1_001.fastq.gz
/uufs/chpc.utah.edu/common/home/starr-group1/sequencing/TNS/2022/221208_Overbaugh-mAb-breadth-v1/221202_s8_b1_S46_R1_001.fastq.gz,221202_s8_b1_S46_R1_001.fastq.gz
/uufs/chpc.utah.edu/common/home/starr-group1/sequencing/TNS/2022/221208_Overbaugh-mAb-breadth-v1/221202_s8_b2_S30_R1_001.fastq.gz,221202_s8_b2_S30_R1_001.fastq.gz
/uufs/chpc.utah.edu/common/home/starr-group1/sequencing/TNS/2022/221208_Overbaugh-mAb-breadth-v1/221202_s8_b3_S47_R1_001.fastq.gz,221202_s8_b3_S47_R1_001.fastq.gz
/uufs/chpc.utah.edu/common/home/starr-group1/sequencing/TNS/2022/221208_Overbaugh-mAb-breadth-v1/221202_s8_b4_S32_R1_001.fastq.gz,221202_s8_b4_S32_R1_001.fastq.gz
/uufs/chpc.utah.edu/common/home/starr-group1/sequencing/TNS/2022/221208_Overbaugh-mAb-breadth-v1/221202_s9_b1_S48_R1_001.fastq.gz,221202_s9_b1_S48_R1_001.fastq.gz
/uufs/chpc.utah.edu/common/home/starr-group1/sequencing/TNS/2022/221208_Overbaugh-mAb-breadth-v1/221202_s9_b2_S34_R1_001.fastq.gz,221202_s9_b2_S34_R1_001.fastq.gz
/uufs/chpc.utah.edu/common/home/starr-group1/sequencing/TNS/2022/221208_Overbaugh-mAb-breadth-v1/221202_s9_b3_S35_R1_001.fastq.gz,221202_s9_b3_S35_R1_001.fastq.gz
/uufs/chpc.utah.edu/common/home/starr-group1/sequencing/TNS/2022/221208_Overbaugh-mAb-breadth-v1/221202_s9_b4_S36_R1_001.fastq.gz,221202_s9_b4_S36_R1_001.fastq.gz
/uufs/chpc.utah.edu/common/home/starr-group1/sequencing/TNS/2022/221208_Overbaugh-mAb-breadth-v1/221202_s10_b1_S49_R1_001.fastq.gz,221202_s10_b1_S49_R1_001.fastq.gz
/uufs/chpc.utah.edu/common/home/starr-group1/sequencing/TNS/2022/221208_Overbaugh-mAb-breadth-v1/221202_s10_b2_S38_R1_001.fastq.gz,221202_s10_b2_S38_R1_001.fastq.gz
/uufs/chpc.utah.edu/common/home/starr-group1/sequencing/TNS/2022/221208_Overbaugh-mAb-breadth-v1/221202_s10_b3_S39_R1_001.fastq.gz,221202_s10_b3_S39_R1_001.fastq.gz
/uufs/chpc.utah.edu/common/home/starr-group1/sequencing/TNS/2022/221208_Overbaugh-mAb-breadth-v1/221202_s10_b4_S40_R1_001.fastq.gz,221202_s10_b4_S40_R1_001.fastq.gz
/uufs/chpc.utah.edu/common/home/starr-group1/sequencing/TNS/2022/221208_Overbaugh-mAb-breadth-v1/221202_s11_b1_S41_R1_001.fastq.gz,221202_s11_b1_S41_R1_001.fastq.gz
/uufs/chpc.utah.edu/common/home/starr-group1/sequencing/TNS/2022/221208_Overbaugh-mAb-breadth-v1/221202_s11_b2_S42_R1_001.fastq.gz,221202_s11_b2_S42_R1_001.fastq.gz
/uufs/chpc.utah.edu/common/home/starr-group1/sequencing/TNS/2022/221208_Overbaugh-mAb-breadth-v1/221202_s11_b3_S43_R1_001.fastq.gz,221202_s11_b3_S43_R1_001.fastq.gz
/uufs/chpc.utah.edu/common/home/starr-group1/sequencing/TNS/2022/221208_Overbaugh-mAb-breadth-v1/221202_s11_b4_S44_R1_001.fastq.gz,221202_s11_b4_S44_R1_001.fastq.gz
/uufs/chpc.utah.edu/common/home/starr-group1/sequencing/TNS/2022/221208_Overbaugh-mAb-breadth-v1/221202_s12_b1_S45_R1_001.fastq.gz,221202_s12_b1_S45_R1_001.fastq.gz
/uufs/chpc.utah.edu/common/home/starr-group1/sequencing/TNS/2022/221208_Overbaugh-mAb-breadth-v1/221202_s12_b2_S46_R1_001.fastq.gz,221202_s12_b2_S46_R1_001.fastq.gz
/uufs/chpc.utah.edu/common/home/starr-group1/sequencing/TNS/2022/221208_Overbaugh-mAb-breadth-v1/221202_s12_b3_S47_R1_001.fastq.gz,221202_s12_b3_S47_R1_001.fastq.gz
/uufs/chpc.utah.edu/common/home/starr-group1/sequencing/TNS/2022/221208_Overbaugh-mAb-breadth-v1/221202_s12_b4_S48_R1_001.fastq.gz,221202_s12_b4_S48_R1_001.fastq.gz
/uufs/chpc.utah.edu/common/home/starr-group1/sequencing/TNS/2022/221208_Overbaugh-mAb-breadth-v1/221202_s13_b1_S49_R1_001.fastq.gz,221202_s13_b1_S49_R1_001.fastq.gz
/uufs/chpc.utah.edu/common/home/starr-group1/sequencing/TNS/2022/221208_Overbaugh-mAb-breadth-v1/221202_s13_b2_S50_R1_001.fastq.gz,221202_s13_b2_S50_R1_001.fastq.gz
/uufs/chpc.utah.edu/common/home/starr-group1/sequencing/TNS/2022/221208_Overbaugh-mAb-breadth-v1/221202_s13_b3_S51_R1_001.fastq.gz,221202_s13_b3_S51_R1_001.fastq.gz
/uufs/chpc.utah.edu/common/home/starr-group1/sequencing/TNS/2022/221208_Overbaugh-mAb-breadth-v1/221202_s13_b4_S52_R1_001.fastq.gz,221202_s13_b4_S52_R1_001.fastq.gz
/uufs/chpc.utah.edu/common/home/starr-group1/sequencing/TNS/2022/221208_Overbaugh-mAb-breadth-v1/221202_s14_b1_S53_R1_001.fastq.gz,221202_s14_b1_S53_R1_001.fastq.gz
/uufs/chpc.utah.edu/common/home/starr-group1/sequencing/TNS/2022/221208_Overbaugh-mAb-breadth-v1/221202_s14_b2_S50_R1_001.fastq.gz,221202_s14_b2_S50_R1_001.fastq.gz
/uufs/chpc.utah.edu/common/home/starr-group1/sequencing/TNS/2022/221208_Overbaugh-mAb-breadth-v1/221202_s14_b3_S51_R1_001.fastq.gz,221202_s14_b3_S51_R1_001.fastq.gz
/uufs/chpc.utah.edu/common/home/starr-group1/sequencing/TNS/2022/221208_Overbaugh-mAb-breadth-v1/221202_s14_b4_S56_R1_001.fastq.gz,221202_s14_b4_S56_R1_001.fastq.gz
/uufs/chpc.utah.edu/common/home/starr-group1/sequencing/TNS/2022/221208_Overbaugh-mAb-breadth-v1/221202_s15_b1_S57_R1_001.fastq.gz,221202_s15_b1_S57_R1_001.fastq.gz
/uufs/chpc.utah.edu/common/home/starr-group1/sequencing/TNS/2022/221208_Overbaugh-mAb-breadth-v1/221202_s15_b2_S52_R1_001.fastq.gz,221202_s15_b2_S52_R1_001.fastq.gz
/uufs/chpc.utah.edu/common/home/starr-group1/sequencing/TNS/2022/221208_Overbaugh-mAb-breadth-v1/221202_s15_b3_S59_R1_001.fastq.gz,221202_s15_b3_S59_R1_001.fastq.gz
/uufs/chpc.utah.edu/common/home/starr-group1/sequencing/TNS/2022/221208_Overbaugh-mAb-breadth-v1/221202_s15_b4_S60_R1_001.fastq.gz,221202_s15_b4_S60_R1_001.fastq.gz
/uufs/chpc.utah.edu/common/home/starr-group1/sequencing/TNS/2022/221208_Overbaugh-mAb-breadth-v1/221118_s1_b1_S65_R1_001.fastq.gz,221118_s1_b1_S65_R1_001.fastq.gz
/uufs/chpc.utah.edu/common/home/starr-group1/sequencing/TNS/2022/221208_Overbaugh-mAb-breadth-v1/221118_s1_b2_S66_R1_001.fastq.gz,221118_s1_b2_S66_R1_001.fastq.gz
/uufs/chpc.utah.edu/common/home/starr-group1/sequencing/TNS/2022/221208_Overbaugh-mAb-breadth-v1/221118_s1_b3_S67_R1_001.fastq.gz,221118_s1_b3_S67_R1_001.fastq.gz
/uufs/chpc.utah.edu/common/home/starr-group1/sequencing/TNS/2022/221208_Overbaugh-mAb-breadth-v1/221118_s1_b4_S68_R1_001.fastq.gz,221118_s1_b4_S68_R1_001.fastq.gz
/uufs/chpc.utah.edu/common/home/starr-group1/sequencing/TNS/2022/221208_Overbaugh-mAb-breadth-v1/221118_s2_b1_S69_R1_001.fastq.gz,221118_s2_b1_S69_R1_001.fastq.gz
/uufs/chpc.utah.edu/common/home/starr-group1/sequencing/TNS/2022/221208_Overbaugh-mAb-breadth-v1/221118_s2_b2_S70_R1_001.fastq.gz,221118_s2_b2_S70_R1_001.fastq.gz
/uufs/chpc.utah.edu/common/home/starr-group1/sequencing/TNS/2022/221208_Overbaugh-mAb-breadth-v1/221118_s2_b3_S71_R1_001.fastq.gz,221118_s2_b3_S71_R1_001.fastq.gz
/uufs/chpc.utah.edu/common/home/starr-group1/sequencing/TNS/2022/221208_Overbaugh-mAb-breadth-v1/221118_s2_b4_S72_R1_001.fastq.gz,221118_s2_b4_S72_R1_001.fastq.gz
/uufs/chpc.utah.edu/common/home/starr-group1/sequencing/TNS/2022/221208_Overbaugh-mAb-breadth-v1/221118_s3_b1_S73_R1_001.fastq.gz,221118_s3_b1_S73_R1_001.fastq.gz
/uufs/chpc.utah.edu/common/home/starr-group1/sequencing/TNS/2022/221208_Overbaugh-mAb-breadth-v1/221118_s3_b2_S74_R1_001.fastq.gz,221118_s3_b2_S74_R1_001.fastq.gz
/uufs/chpc.utah.edu/common/home/starr-group1/sequencing/TNS/2022/221208_Overbaugh-mAb-breadth-v1/221118_s3_b3_S75_R1_001.fastq.gz,221118_s3_b3_S75_R1_001.fastq.gz
/uufs/chpc.utah.edu/common/home/starr-group1/sequencing/TNS/2022/221208_Overbaugh-mAb-breadth-v1/221118_s3_b4_S76_R1_001.fastq.gz,221118_s3_b4_S76_R1_001.fastq.gz
/uufs/chpc.utah.edu/common/home/starr-group1/sequencing/TNS/2022/221208_Overbaugh-mAb-breadth-v1/221118_s4_b1_S77_R1_001.fastq.gz,221118_s4_b1_S77_R1_001.fastq.gz
/uufs/chpc.utah.edu/common/home/starr-group1/sequencing/TNS/2022/221208_Overbaugh-mAb-breadth-v1/221118_s4_b2_S78_R1_001.fastq.gz,221118_s4_b2_S78_R1_001.fastq.gz
/uufs/chpc.utah.edu/common/home/starr-group1/sequencing/TNS/2022/221208_Overbaugh-mAb-breadth-v1/221118_s4_b3_S79_R1_001.fastq.gz,221118_s4_b3_S79_R1_001.fastq.gz
/uufs/chpc.utah.edu/common/home/starr-group1/sequencing/TNS/2022/221208_Overbaugh-mAb-breadth-v1/221118_s4_b4_S80_R1_001.fastq.gz,221118_s4_b4_S80_R1_001.fastq.gz
/uufs/chpc.utah.edu/common/home/starr-group1/sequencing/TNS/2022/221208_Overbaugh-mAb-breadth-v1/221118_s5_b1_S81_R1_001.fastq.gz,221118_s5_b1_S81_R1_001.fastq.gz
/uufs/chpc.utah.edu/common/home/starr-group1/sequencing/TNS/2022/221208_Overbaugh-mAb-breadth-v1/221118_s5_b2_S82_R1_001.fastq.gz,221118_s5_b2_S82_R1_001.fastq.gz
/uufs/chpc.utah.edu/common/home/starr-group1/sequencing/TNS/2022/221208_Overbaugh-mAb-breadth-v1/221118_s5_b3_S83_R1_001.fastq.gz,221118_s5_b3_S83_R1_001.fastq.gz
/uufs/chpc.utah.edu/common/home/starr-group1/sequencing/TNS/2022/221208_Overbaugh-mAb-breadth-v1/221118_s5_b4_S84_R1_001.fastq.gz,221118_s5_b4_S84_R1_001.fastq.gz
/uufs/chpc.utah.edu/common/home/u6042467/starr-group1/sequencing/TNS/2023/231212_bc_Overbaugh-mAbs/20231026-s1-b1_R1_001.fastq.gz,20231026-s1-b1_R1_001.fastq.gz
/uufs/chpc.utah.edu/common/home/u6042467/starr-group1/sequencing/TNS/2023/231212_bc_Overbaugh-mAbs/20231026-s1-b2_R1_001.fastq.gz,20231026-s1-b2_R1_001.fastq.gz
/uufs/chpc.utah.edu/common/home/u6042467/starr-group1/sequencing/TNS/2023/231212_bc_Overbaugh-mAbs/20231026-s1-b3_R1_001.fastq.gz,20231026-s1-b3_R1_001.fastq.gz
/uufs/chpc.utah.edu/common/home/u6042467/starr-group1/sequencing/TNS/2023/231212_bc_Overbaugh-mAbs/20231026-s1-b4_R1_001.fastq.gz,20231026-s1-b4_R1_001.fastq.gz
/uufs/chpc.utah.edu/common/home/u6042467/starr-group1/sequencing/TNS/2023/231212_bc_Overbaugh-mAbs/20231026-s2-b1_R1_001.fastq.gz,20231026-s2-b1_R1_001.fastq.gz
/uufs/chpc.utah.edu/common/home/u6042467/starr-group1/sequencing/TNS/2023/231212_bc_Overbaugh-mAbs/20231026-s2-b2_R1_001.fastq.gz,20231026-s2-b2_R1_001.fastq.gz
/uufs/chpc.utah.edu/common/home/u6042467/starr-group1/sequencing/TNS/2023/231212_bc_Overbaugh-mAbs/20231026-s2-b3_R1_001.fastq.gz,20231026-s2-b3_R1_001.fastq.gz
/uufs/chpc.utah.edu/common/home/u6042467/starr-group1/sequencing/TNS/2023/231212_bc_Overbaugh-mAbs/20231026-s2-b4_R1_001.fastq.gz,20231026-s2-b4_R1_001.fastq.gz
/uufs/chpc.utah.edu/common/home/u6042467/starr-group1/sequencing/TNS/2023/231212_bc_Overbaugh-mAbs/20231026-s3-b1_R1_001.fastq.gz,20231026-s3-b1_R1_001.fastq.gz
/uufs/chpc.utah.edu/common/home/u6042467/starr-group1/sequencing/TNS/2023/231212_bc_Overbaugh-mAbs/20231026-s3-b2_R1_001.fastq.gz,20231026-s3-b2_R1_001.fastq.gz
/uufs/chpc.utah.edu/common/home/u6042467/starr-group1/sequencing/TNS/2023/231212_bc_Overbaugh-mAbs/20231026-s3-b3_R1_001.fastq.gz,20231026-s3-b3_R1_001.fastq.gz
/uufs/chpc.utah.edu/common/home/u6042467/starr-group1/sequencing/TNS/2023/231212_bc_Overbaugh-mAbs/20231026-s3-b4_R1_001.fastq.gz,20231026-s3-b4_R1_001.fastq.gz
/uufs/chpc.utah.edu/common/home/u6042467/starr-group1/sequencing/TNS/2023/231212_bc_Overbaugh-mAbs/20231026-s4-b1_R1_001.fastq.gz,20231026-s4-b1_R1_001.fastq.gz
/uufs/chpc.utah.edu/common/home/u6042467/starr-group1/sequencing/TNS/2023/231212_bc_Overbaugh-mAbs/20231026-s4-b2_R1_001.fastq.gz,20231026-s4-b2_R1_001.fastq.gz
/uufs/chpc.utah.edu/common/home/u6042467/starr-group1/sequencing/TNS/2023/231212_bc_Overbaugh-mAbs/20231026-s4-b3_R1_001.fastq.gz,20231026-s4-b3_R1_001.fastq.gz
/uufs/chpc.utah.edu/common/home/u6042467/starr-group1/sequencing/TNS/2023/231212_bc_Overbaugh-mAbs/20231026-s4-b4_R1_001.fastq.gz,20231026-s4-b4_R1_001.fastq.gz
/uufs/chpc.utah.edu/common/home/u6042467/starr-group1/sequencing/TNS/2023/231212_bc_Overbaugh-mAbs/20231026-s5-b1_R1_001.fastq.gz,20231026-s5-b1_R1_001.fastq.gz
/uufs/chpc.utah.edu/common/home/u6042467/starr-group1/sequencing/TNS/2023/231212_bc_Overbaugh-mAbs/20231026-s5-b2_R1_001.fastq.gz,20231026-s5-b2_R1_001.fastq.gz
/uufs/chpc.utah.edu/common/home/u6042467/starr-group1/sequencing/TNS/2023/231212_bc_Overbaugh-mAbs/20231026-s5-b3_R1_001.fastq.gz,20231026-s5-b3_R1_001.fastq.gz
/uufs/chpc.utah.edu/common/home/u6042467/starr-group1/sequencing/TNS/2023/231212_bc_Overbaugh-mAbs/20231026-s5-b4_R1_001.fastq.gz,20231026-s5-b4_R1_001.fastq.gz
/uufs/chpc.utah.edu/common/home/u6042467/starr-group1/sequencing/TNS/2023/231212_bc_Overbaugh-mAbs/20231026-s27-b1_R1_001.fastq.gz,20231026-s27-b1_R1_001.fastq.gz
/uufs/chpc.utah.edu/common/home/u6042467/starr-group1/sequencing/TNS/2023/231212_bc_Overbaugh-mAbs/20231026-s27-b2_R1_001.fastq.gz,20231026-s27-b2_R1_001.fastq.gz
/uufs/chpc.utah.edu/common/home/u6042467/starr-group1/sequencing/TNS/2023/231212_bc_Overbaugh-mAbs/20231026-s27-b3_R1_001.fastq.gz,20231026-s27-b3_R1_001.fastq.gz
/uufs/chpc.utah.edu/common/home/u6042467/starr-group1/sequencing/TNS/2023/231212_bc_Overbaugh-mAbs/20231026-s27-b4_R1_001.fastq.gz,20231026-s27-b4_R1_001.fastq.gz
/uufs/chpc.utah.edu/common/home/u6042467/starr-group1/sequencing/TNS/2023/231212_bc_Overbaugh-mAbs/20231026-s6-b1_R1_001.fastq.gz,20231026-s6-b1_R1_001.fastq.gz
/uufs/chpc.utah.edu/common/home/u6042467/starr-group1/sequencing/TNS/2023/231212_bc_Overbaugh-mAbs/20231026-s6-b2_R1_001.fastq.gz,20231026-s6-b2_R1_001.fastq.gz
/uufs/chpc.utah.edu/common/home/u6042467/starr-group1/sequencing/TNS/2023/231212_bc_Overbaugh-mAbs/20231026-s6-b3_R1_001.fastq.gz,20231026-s6-b3_R1_001.fastq.gz
/uufs/chpc.utah.edu/common/home/u6042467/starr-group1/sequencing/TNS/2023/231212_bc_Overbaugh-mAbs/20231026-s6-b4_R1_001.fastq.gz,20231026-s6-b4_R1_001.fastq.gz
/uufs/chpc.utah.edu/common/home/u6042467/starr-group1/sequencing/TNS/2023/231212_bc_Overbaugh-mAbs/20231026-s7-b1_R1_001.fastq.gz,20231026-s7-b1_R1_001.fastq.gz
/uufs/chpc.utah.edu/common/home/u6042467/starr-group1/sequencing/TNS/2023/231212_bc_Overbaugh-mAbs/20231026-s7-b2_R1_001.fastq.gz,20231026-s7-b2_R1_001.fastq.gz
/uufs/chpc.utah.edu/common/home/u6042467/starr-group1/sequencing/TNS/2023/231212_bc_Overbaugh-mAbs/20231026-s7-b3_R1_001.fastq.gz,20231026-s7-b3_R1_001.fastq.gz
/uufs/chpc.utah.edu/common/home/u6042467/starr-group1/sequencing/TNS/2023/231212_bc_Overbaugh-mAbs/20231026-s7-b4_R1_001.fastq.gz,20231026-s7-b4_R1_001.fastq.gz
/uufs/chpc.utah.edu/common/home/u6042467/starr-group1/sequencing/TNS/2023/231212_bc_Overbaugh-mAbs/20231026-s8-b1_R1_001.fastq.gz,20231026-s8-b1_R1_001.fastq.gz
/uufs/chpc.utah.edu/common/home/u6042467/starr-group1/sequencing/TNS/2023/231212_bc_Overbaugh-mAbs/20231026-s8-b2_R1_001.fastq.gz,20231026-s8-b2_R1_001.fastq.gz
/uufs/chpc.utah.edu/common/home/u6042467/starr-group1/sequencing/TNS/2023/231212_bc_Overbaugh-mAbs/20231026-s8-b3_R1_001.fastq.gz,20231026-s8-b3_R1_001.fastq.gz
/uufs/chpc.utah.edu/common/home/u6042467/starr-group1/sequencing/TNS/2023/231212_bc_Overbaugh-mAbs/20231026-s8-b4_R1_001.fastq.gz,20231026-s8-b4_R1_001.fastq.gz
/uufs/chpc.utah.edu/common/home/u6042467/starr-group1/sequencing/TNS/2023/231212_bc_Overbaugh-mAbs/20231026-s9-b1_R1_001.fastq.gz,20231026-s9-b1_R1_001.fastq.gz
/uufs/chpc.utah.edu/common/home/u6042467/starr-group1/sequencing/TNS/2023/231212_bc_Overbaugh-mAbs/20231026-s9-b2_R1_001.fastq.gz,20231026-s9-b2_R1_001.fastq.gz
/uufs/chpc.utah.edu/common/home/u6042467/starr-group1/sequencing/TNS/2023/231212_bc_Overbaugh-mAbs/20231026-s9-b3_R1_001.fastq.gz,20231026-s9-b3_R1_001.fastq.gz
/uufs/chpc.utah.edu/common/home/u6042467/starr-group1/sequencing/TNS/2023/231212_bc_Overbaugh-mAbs/20231026-s9-b4_R1_001.fastq.gz,20231026-s9-b4_R1_001.fastq.gz
/uufs/chpc.utah.edu/common/home/u6042467/starr-group1/sequencing/TNS/2023/231212_bc_Overbaugh-mAbs/20231026-s10-b1_R1_001.fastq.gz,20231026-s10-b1_R1_001.fastq.gz
/uufs/chpc.utah.edu/common/home/u6042467/starr-group1/sequencing/TNS/2023/231212_bc_Overbaugh-mAbs/20231026-s10-b2_R1_001.fastq.gz,20231026-s10-b2_R1_001.fastq.gz
/uufs/chpc.utah.edu/common/home/u6042467/starr-group1/sequencing/TNS/2023/231212_bc_Overbaugh-mAbs/20231026-s10-b3_R1_001.fastq.gz,20231026-s10-b3_R1_001.fastq.gz
/uufs/chpc.utah.edu/common/home/u6042467/starr-group1/sequencing/TNS/2023/231212_bc_Overbaugh-mAbs/20231026-s10-b4_R1_001.fastq.gz,20231026-s10-b4_R1_001.fastq.gz
/uufs/chpc.utah.edu/common/home/u6042467/starr-group1/sequencing/TNS/2023/231212_bc_Overbaugh-mAbs/20231026-s11-b1_R1_001.fastq.gz,20231026-s11-b1_R1_001.fastq.gz
/uufs/chpc.utah.edu/common/home/u6042467/starr-group1/sequencing/TNS/2023/231212_bc_Overbaugh-mAbs/20231026-s11-b2_R1_001.fastq.gz,20231026-s11-b2_R1_001.fastq.gz
/uufs/chpc.utah.edu/common/home/u6042467/starr-group1/sequencing/TNS/2023/231212_bc_Overbaugh-mAbs/20231026-s11-b3_R1_001.fastq.gz,20231026-s11-b3_R1_001.fastq.gz
/uufs/chpc.utah.edu/common/home/u6042467/starr-group1/sequencing/TNS/2023/231212_bc_Overbaugh-mAbs/20231026-s11-b4_R1_001.fastq.gz,20231026-s11-b4_R1_001.fastq.gz
/uufs/chpc.utah.edu/common/home/u6042467/starr-group1/sequencing/TNS/2023/231212_bc_Overbaugh-mAbs/20231026-s12-b1_R1_001.fastq.gz,20231026-s12-b1_R1_001.fastq.gz
/uufs/chpc.utah.edu/common/home/u6042467/starr-group1/sequencing/TNS/2023/231212_bc_Overbaugh-mAbs/20231026-s12-b2_R1_001.fastq.gz,20231026-s12-b2_R1_001.fastq.gz
/uufs/chpc.utah.edu/common/home/u6042467/starr-group1/sequencing/TNS/2023/231212_bc_Overbaugh-mAbs/20231026-s12-b3_R1_001.fastq.gz,20231026-s12-b3_R1_001.fastq.gz
/uufs/chpc.utah.edu/common/home/u6042467/starr-group1/sequencing/TNS/2023/231212_bc_Overbaugh-mAbs/20231026-s12-b4_R1_001.fastq.gz,20231026-s12-b4_R1_001.fastq.gz
/uufs/chpc.utah.edu/common/home/u6042467/starr-group1/sequencing/TNS/2023/231212_bc_Overbaugh-mAbs/20231026-s13-b1_R1_001.fastq.gz,20231026-s13-b1_R1_001.fastq.gz
/uufs/chpc.utah.edu/common/home/u6042467/starr-group1/sequencing/TNS/2023/231212_bc_Overbaugh-mAbs/20231026-s13-b2_R1_001.fastq.gz,20231026-s13-b2_R1_001.fastq.gz
/uufs/chpc.utah.edu/common/home/u6042467/starr-group1/sequencing/TNS/2023/231212_bc_Overbaugh-mAbs/20231026-s13-b3_R1_001.fastq.gz,20231026-s13-b3_R1_001.fastq.gz
/uufs/chpc.utah.edu/common/home/u6042467/starr-group1/sequencing/TNS/2023/231212_bc_Overbaugh-mAbs/20231026-s13-b4_R1_001.fastq.gz,20231026-s13-b4_R1_001.fastq.gz
/uufs/chpc.utah.edu/common/home/u6042467/starr-group1/sequencing/TNS/2023/231212_bc_Overbaugh-mAbs/20231026-s14-b1_R1_001.fastq.gz,20231026-s14-b1_R1_001.fastq.gz
/uufs/chpc.utah.edu/common/home/u6042467/starr-group1/sequencing/TNS/2023/231212_bc_Overbaugh-mAbs/20231026-s14-b2_R1_001.fastq.gz,20231026-s14-b2_R1_001.fastq.gz
/uufs/chpc.utah.edu/common/home/u6042467/starr-group1/sequencing/TNS/2023/231212_bc_Overbaugh-mAbs/20231026-s14-b3_R1_001.fastq.gz,20231026-s14-b3_R1_001.fastq.gz
/uufs/chpc.utah.edu/common/home/u6042467/starr-group1/sequencing/TNS/2023/231212_bc_Overbaugh-mAbs/20231026-s14-b4_R1_001.fastq.gz,20231026-s14-b4_R1_001.fastq.gz
/uufs/chpc.utah.edu/common/home/u6042467/starr-group1/sequencing/TNS/2023/231212_bc_Overbaugh-mAbs/20231026-s15-b1_R1_001.fastq.gz,20231026-s15-b1_R1_001.fastq.gz
/uufs/chpc.utah.edu/common/home/u6042467/starr-group1/sequencing/TNS/2023/231212_bc_Overbaugh-mAbs/20231026-s15-b2_R1_001.fastq.gz,20231026-s15-b2_R1_001.fastq.gz
/uufs/chpc.utah.edu/common/home/u6042467/starr-group1/sequencing/TNS/2023/231212_bc_Overbaugh-mAbs/20231026-s15-b3_R1_001.fastq.gz,20231026-s15-b3_R1_001.fastq.gz
/uufs/chpc.utah.edu/common/home/u6042467/starr-group1/sequencing/TNS/2023/231212_bc_Overbaugh-mAbs/20231026-s15-b4_R1_001.fastq.gz,20231026-s15-b4_R1_001.fastq.gz
/uufs/chpc.utah.edu/common/home/u6042467/starr-group1/sequencing/TNS/2023/231212_bc_Overbaugh-mAbs/20231026-s16-b1_R1_001.fastq.gz,20231026-s16-b1_R1_001.fastq.gz
/uufs/chpc.utah.edu/common/home/u6042467/starr-group1/sequencing/TNS/2023/231212_bc_Overbaugh-mAbs/20231026-s16-b2_R1_001.fastq.gz,20231026-s16-b2_R1_001.fastq.gz
/uufs/chpc.utah.edu/common/home/u6042467/starr-group1/sequencing/TNS/2023/231212_bc_Overbaugh-mAbs/20231026-s16-b3_R1_001.fastq.gz,20231026-s16-b3_R1_001.fastq.gz
/uufs/chpc.utah.edu/common/home/u6042467/starr-group1/sequencing/TNS/2023/231212_bc_Overbaugh-mAbs/20231026-s16-b4_R1_001.fastq.gz,20231026-s16-b4_R1_001.fastq.gz
/uufs/chpc.utah.edu/common/home/u6042467/starr-group1/sequencing/TNS/2023/231212_bc_Overbaugh-mAbs/20231026-s17-b1_R1_001.fastq.gz,20231026-s17-b1_R1_001.fastq.gz
/uufs/chpc.utah.edu/common/home/u6042467/starr-group1/sequencing/TNS/2023/231212_bc_Overbaugh-mAbs/20231026-s17-b2_R1_001.fastq.gz,20231026-s17-b2_R1_001.fastq.gz
/uufs/chpc.utah.edu/common/home/u6042467/starr-group1/sequencing/TNS/2023/231212_bc_Overbaugh-mAbs/20231026-s17-b3_R1_001.fastq.gz,20231026-s17-b3_R1_001.fastq.gz
/uufs/chpc.utah.edu/common/home/u6042467/starr-group1/sequencing/TNS/2023/231212_bc_Overbaugh-mAbs/20231026-s17-b4_R1_001.fastq.gz,20231026-s17-b4_R1_001.fastq.gz
/uufs/chpc.utah.edu/common/home/u6042467/starr-group1/sequencing/TNS/2023/231212_bc_Overbaugh-mAbs/20231026-s18-b1_R1_001.fastq.gz,20231026-s18-b1_R1_001.fastq.gz
/uufs/chpc.utah.edu/common/home/u6042467/starr-group1/sequencing/TNS/2023/231212_bc_Overbaugh-mAbs/20231026-s18-b2_R1_001.fastq.gz,20231026-s18-b2_R1_001.fastq.gz
/uufs/chpc.utah.edu/common/home/u6042467/starr-group1/sequencing/TNS/2023/231212_bc_Overbaugh-mAbs/20231026-s18-b3_R1_001.fastq.gz,20231026-s18-b3_R1_001.fastq.gz
/uufs/chpc.utah.edu/common/home/u6042467/starr-group1/sequencing/TNS/2023/231212_bc_Overbaugh-mAbs/20231026-s18-b4_R1_001.fastq.gz,20231026-s18-b4_R1_001.fastq.gz
/uufs/chpc.utah.edu/common/home/u6042467/starr-group1/sequencing/TNS/2023/231212_bc_Overbaugh-mAbs/20231026-s19-b1_R1_001.fastq.gz,20231026-s19-b1_R1_001.fastq.gz
/uufs/chpc.utah.edu/common/home/u6042467/starr-group1/sequencing/TNS/2023/231212_bc_Overbaugh-mAbs/20231026-s19-b2_R1_001.fastq.gz,20231026-s19-b2_R1_001.fastq.gz
/uufs/chpc.utah.edu/common/home/u6042467/starr-group1/sequencing/TNS/2023/231212_bc_Overbaugh-mAbs/20231026-s19-b3_R1_001.fastq.gz,20231026-s19-b3_R1_001.fastq.gz
/uufs/chpc.utah.edu/common/home/u6042467/starr-group1/sequencing/TNS/2023/231212_bc_Overbaugh-mAbs/20231026-s19-b4_R1_001.fastq.gz,20231026-s19-b4_R1_001.fastq.gz
/uufs/chpc.utah.edu/common/home/u6042467/starr-group1/sequencing/TNS/2023/231212_bc_Overbaugh-mAbs/20231026-s20-b1_R1_001.fastq.gz,20231026-s20-b1_R1_001.fastq.gz
/uufs/chpc.utah.edu/common/home/u6042467/starr-group1/sequencing/TNS/2023/231212_bc_Overbaugh-mAbs/20231026-s20-b2_R1_001.fastq.gz,20231026-s20-b2_R1_001.fastq.gz
/uufs/chpc.utah.edu/common/home/u6042467/starr-group1/sequencing/TNS/2023/231212_bc_Overbaugh-mAbs/20231026-s20-b3_R1_001.fastq.gz,20231026-s20-b3_R1_001.fastq.gz
/uufs/chpc.utah.edu/common/home/u6042467/starr-group1/sequencing/TNS/2023/231212_bc_Overbaugh-mAbs/20231026-s20-b4_R1_001.fastq.gz,20231026-s20-b4_R1_001.fastq.gz
/uufs/chpc.utah.edu/common/home/u6042467/starr-group1/sequencing/TNS/2023/231212_bc_Overbaugh-mAbs/20231026-s21-b1_R1_001.fastq.gz,20231026-s21-b1_R1_001.fastq.gz
/uufs/chpc.utah.edu/common/home/u6042467/starr-group1/sequencing/TNS/2023/231212_bc_Overbaugh-mAbs/20231026-s21-b2_R1_001.fastq.gz,20231026-s21-b2_R1_001.fastq.gz
/uufs/chpc.utah.edu/common/home/u6042467/starr-group1/sequencing/TNS/2023/231212_bc_Overbaugh-mAbs/20231026-s21-b3_R1_001.fastq.gz,20231026-s21-b3_R1_001.fastq.gz
/uufs/chpc.utah.edu/common/home/u6042467/starr-group1/sequencing/TNS/2023/231212_bc_Overbaugh-mAbs/20231026-s21-b4_R1_001.fastq.gz,20231026-s21-b4_R1_001.fastq.gz
/uufs/chpc.utah.edu/common/home/u6042467/starr-group1/sequencing/TNS/2023/231212_bc_Overbaugh-mAbs/20231026-s22-b1_R1_001.fastq.gz,20231026-s22-b1_R1_001.fastq.gz
/uufs/chpc.utah.edu/common/home/u6042467/starr-group1/sequencing/TNS/2023/231212_bc_Overbaugh-mAbs/20231026-s22-b2_R1_001.fastq.gz,20231026-s22-b2_R1_001.fastq.gz
/uufs/chpc.utah.edu/common/home/u6042467/starr-group1/sequencing/TNS/2023/231212_bc_Overbaugh-mAbs/20231026-s22-b3_R1_001.fastq.gz,20231026-s22-b3_R1_001.fastq.gz
/uufs/chpc.utah.edu/common/home/u6042467/starr-group1/sequencing/TNS/2023/231212_bc_Overbaugh-mAbs/20231026-s22-b4_R1_001.fastq.gz,20231026-s22-b4_R1_001.fastq.gz
/uufs/chpc.utah.edu/common/home/u6042467/starr-group1/sequencing/TNS/2023/231212_bc_Overbaugh-mAbs/20231026-s23-b1_R1_001.fastq.gz,20231026-s23-b1_R1_001.fastq.gz
/uufs/chpc.utah.edu/common/home/u6042467/starr-group1/sequencing/TNS/2023/231212_bc_Overbaugh-mAbs/20231026-s23-b2_R1_001.fastq.gz,20231026-s23-b2_R1_001.fastq.gz
/uufs/chpc.utah.edu/common/home/u6042467/starr-group1/sequencing/TNS/2023/231212_bc_Overbaugh-mAbs/20231026-s23-b3_R1_001.fastq.gz,20231026-s23-b3_R1_001.fastq.gz
/uufs/chpc.utah.edu/common/home/u6042467/starr-group1/sequencing/TNS/2023/231212_bc_Overbaugh-mAbs/20231026-s23-b4_R1_001.fastq.gz,20231026-s23-b4_R1_001.fastq.gz
/uufs/chpc.utah.edu/common/home/u6042467/starr-group1/sequencing/TNS/2023/231212_bc_Overbaugh-mAbs/20231026-s24-b1_R1_001.fastq.gz,20231026-s24-b1_R1_001.fastq.gz
/uufs/chpc.utah.edu/common/home/u6042467/starr-group1/sequencing/TNS/2023/231212_bc_Overbaugh-mAbs/20231026-s24-b2_R1_001.fastq.gz,20231026-s24-b2_R1_001.fastq.gz
/uufs/chpc.utah.edu/common/home/u6042467/starr-group1/sequencing/TNS/2023/231212_bc_Overbaugh-mAbs/20231026-s24-b3_R1_001.fastq.gz,20231026-s24-b3_R1_001.fastq.gz
/uufs/chpc.utah.edu/common/home/u6042467/starr-group1/sequencing/TNS/2023/231212_bc_Overbaugh-mAbs/20231026-s24-b4_R1_001.fastq.gz,20231026-s24-b4_R1_001.fastq.gz
/uufs/chpc.utah.edu/common/home/u6042467/starr-group1/sequencing/TNS/2023/231212_bc_Overbaugh-mAbs/20231026-s25-b1_R1_001.fastq.gz,20231026-s25-b1_R1_001.fastq.gz
/uufs/chpc.utah.edu/common/home/u6042467/starr-group1/sequencing/TNS/2023/231212_bc_Overbaugh-mAbs/20231026-s25-b2_R1_001.fastq.gz,20231026-s25-b2_R1_001.fastq.gz
/uufs/chpc.utah.edu/common/home/u6042467/starr-group1/sequencing/TNS/2023/231212_bc_Overbaugh-mAbs/20231026-s25-b3_R1_001.fastq.gz,20231026-s25-b3_R1_001.fastq.gz
/uufs/chpc.utah.edu/common/home/u6042467/starr-group1/sequencing/TNS/2023/231212_bc_Overbaugh-mAbs/20231026-s25-b4_R1_001.fastq.gz,20231026-s25-b4_R1_001.fastq.gz
